time,vx,vy,vz,px,py,pz
0,0,0,200,0,0,0
0.01,0,0,199.902,0,0,1.99902
0.02,0,0,199.804,0,0,3.99706
0.03,0,0,199.706,0,0,5.99412
0.04,0,0,199.608,0,0,7.9902
0.05,0,0,199.51,0,0,9.9853
0.06,0,0,199.412,0,0,11.9794
0.07,0,0,199.314,0,0,13.9726
0.08,0,0,199.216,0,0,15.9647
0.09,0,0,199.118,0,0,17.9559
0.1,0,0,199.02,0,0,19.9461
0.11,0,0,198.922,0,0,21.9353
0.12,0,0,198.824,0,0,23.9236
0.13,0,0,198.726,0,0,25.9108
0.14,0,0,198.628,0,0,27.8971
0.15,0,0,198.53,0,0,29.8824
0.16,0,0,198.432,0,0,31.8667
0.17,0,0,198.334,0,0,33.8501
0.18,0,0,198.236,0,0,35.8324
0.19,0,0,198.138,0,0,37.8138
0.2,0,0,198.04,0,0,39.7942
0.21,0,0,197.942,0,0,41.7736
0.22,0,0,197.844,0,0,43.7521
0.23,0,0,197.746,0,0,45.7295
0.24,0,0,197.648,0,0,47.706
0.25,0,0,197.55,0,0,49.6815
0.26,0,0,197.452,0,0,51.656
0.27,0,0,197.354,0,0,53.6296
0.28,0,0,197.256,0,0,55.6021
0.29,0,0,197.158,0,0,57.5737
0.3,0,0,197.06,0,0,59.5443
0.31,0,0,196.962,0,0,61.5139
0.32,0,0,196.864,0,0,63.4826
0.33,0,0,196.766,0,0,65.4502
0.34,0,0,196.668,0,0,67.4169
0.35,0,0,196.57,0,0,69.3826
0.36,0,0,196.472,0,0,71.3473
0.37,0,0,196.374,0,0,73.3111
0.38,0,0,196.276,0,0,75.2738
0.39,0,0,196.178,0,0,77.2356
0.4,0,0,196.08,0,0,79.1964
0.41,0,0,195.982,0,0,81.1562
0.42,0,0,195.884,0,0,83.1151
0.43,0,0,195.786,0,0,85.0729
0.44,0,0,195.688,0,0,87.0298
0.45,0,0,195.59,0,0,88.9857
0.46,0,0,195.492,0,0,90.9406
0.47,0,0,195.394,0,0,92.8946
0.48,0,0,195.296,0,0,94.8475
0.49,0,0,195.198,0,0,96.7995
0.5,0,0,195.1,0,0,98.7505
0.51,0,0,195.002,0,0,100.701
0.52,0,0,194.904,0,0,102.65
0.53,0,0,194.806,0,0,104.598
0.54,0,0,194.708,0,0,106.545
0.55,0,0,194.61,0,0,108.491
0.56,0,0,194.512,0,0,110.436
0.57,0,0,194.414,0,0,112.38
0.58,0,0,194.316,0,0,114.323
0.59,0,0,194.218,0,0,116.265
0.6,0,0,194.12,0,0,118.207
0.61,0,0,194.022,0,0,120.147
0.62,0,0,193.924,0,0,122.086
0.63,0,0,193.826,0,0,124.024
0.64,0,0,193.728,0,0,125.962
0.65,0,0,193.63,0,0,127.898
0.66,0,0,193.532,0,0,129.833
0.67,0,0,193.434,0,0,131.768
0.68,0,0,193.336,0,0,133.701
0.69,0,0,193.238,0,0,135.633
0.7,0,0,193.14,0,0,137.565
0.71,0,0,193.042,0,0,139.495
0.72,0,0,192.944,0,0,141.425
0.73,0,0,192.846,0,0,143.353
0.74,0,0,192.748,0,0,145.28
0.75,0,0,192.65,0,0,147.207
0.76,0,0,192.552,0,0,149.133
0.77,0,0,192.454,0,0,151.057
0.78,0,0,192.356,0,0,152.981
0.79,0,0,192.258,0,0,154.903
0.8,0,0,192.16,0,0,156.825
0.81,0,0,192.062,0,0,158.745
0.82,0,0,191.964,0,0,160.665
0.83,0,0,191.866,0,0,162.584
0.84,0,0,191.768,0,0,164.501
0.85,0,0,191.67,0,0,166.418
0.86,0,0,191.572,0,0,168.334
0.87,0,0,191.474,0,0,170.249
0.88,0,0,191.376,0,0,172.162
0.89,0,0,191.278,0,0,174.075
0.9,0,0,191.18,0,0,175.987
0.91,0,0,191.082,0,0,177.898
0.92,0,0,190.984,0,0,179.808
0.93,0,0,190.886,0,0,181.716
0.94,0,0,190.788,0,0,183.624
0.95,0,0,190.69,0,0,185.531
0.96,0,0,190.592,0,0,187.437
0.97,0,0,190.494,0,0,189.342
0.98,0,0,190.396,0,0,191.246
0.99,0,0,190.298,0,0,193.149
1,0,0,190.2,0,0,195.051
1.01,0,0,190.102,0,0,196.952
1.02,0,0,190.004,0,0,198.852
1.03,0,0,189.906,0,0,200.751
1.04,0,0,189.808,0,0,202.649
1.05,0,0,189.71,0,0,204.546
1.06,0,0,189.612,0,0,206.442
1.07,0,0,189.514,0,0,208.338
1.08,0,0,189.416,0,0,210.232
1.09,0,0,189.318,0,0,212.125
1.1,0,0,189.22,0,0,214.017
1.11,0,0,189.122,0,0,215.908
1.12,0,0,189.024,0,0,217.799
1.13,0,0,188.926,0,0,219.688
1.14,0,0,188.828,0,0,221.576
1.15,0,0,188.73,0,0,223.463
1.16,0,0,188.632,0,0,225.35
1.17,0,0,188.534,0,0,227.235
1.18,0,0,188.436,0,0,229.119
1.19,0,0,188.338,0,0,231.003
1.2,0,0,188.24,0,0,232.885
1.21,0,0,188.142,0,0,234.767
1.22,0,0,188.044,0,0,236.647
1.23,0,0,187.946,0,0,238.527
1.24,0,0,187.848,0,0,240.405
1.25,0,0,187.75,0,0,242.282
1.26,0,0,187.652,0,0,244.159
1.27,0,0,187.554,0,0,246.035
1.28,0,0,187.456,0,0,247.909
1.29,0,0,187.358,0,0,249.783
1.3,0,0,187.26,0,0,251.655
1.31,0,0,187.162,0,0,253.527
1.32,0,0,187.064,0,0,255.398
1.33,0,0,186.966,0,0,257.267
1.34,0,0,186.868,0,0,259.136
1.35,0,0,186.77,0,0,261.004
1.36,0,0,186.672,0,0,262.87
1.37,0,0,186.574,0,0,264.736
1.38,0,0,186.476,0,0,266.601
1.39,0,0,186.378,0,0,268.465
1.4,0,0,186.28,0,0,270.327
1.41,0,0,186.182,0,0,272.189
1.42,0,0,186.084,0,0,274.05
1.43,0,0,185.986,0,0,275.91
1.44,0,0,185.888,0,0,277.769
1.45,0,0,185.79,0,0,279.627
1.46,0,0,185.692,0,0,281.484
1.47,0,0,185.594,0,0,283.34
1.48,0,0,185.496,0,0,285.195
1.49,0,0,185.398,0,0,287.048
1.5,0,0,185.3,0,0,288.901
1.51,0,0,185.202,0,0,290.754
1.52,0,0,185.104,0,0,292.605
1.53,0,0,185.006,0,0,294.455
1.54,0,0,184.908,0,0,296.304
1.55,0,0,184.81,0,0,298.152
1.56,0,0,184.712,0,0,299.999
1.57,0,0,184.614,0,0,301.845
1.58,0,0,184.516,0,0,303.69
1.59,0,0,184.418,0,0,305.534
1.6,0,0,184.32,0,0,307.378
1.61,0,0,184.222,0,0,309.22
1.62,0,0,184.124,0,0,311.061
1.63,0,0,184.026,0,0,312.901
1.64,0,0,183.928,0,0,314.741
1.65,0,0,183.83,0,0,316.579
1.66,0,0,183.732,0,0,318.416
1.67,0,0,183.634,0,0,320.253
1.68,0,0,183.536,0,0,322.088
1.69,0,0,183.438,0,0,323.922
1.7,0,0,183.34,0,0,325.756
1.71,0,0,183.242,0,0,327.588
1.72,0,0,183.144,0,0,329.42
1.73,0,0,183.046,0,0,331.25
1.74,0,0,182.948,0,0,333.079
1.75,0,0,182.85,0,0,334.908
1.76,0,0,182.752,0,0,336.736
1.77,0,0,182.654,0,0,338.562
1.78,0,0,182.556,0,0,340.388
1.79,0,0,182.458,0,0,342.212
1.8,0,0,182.36,0,0,344.036
1.81,0,0,182.262,0,0,345.858
1.82,0,0,182.164,0,0,347.68
1.83,0,0,182.066,0,0,349.501
1.84,0,0,181.968,0,0,351.32
1.85,0,0,181.87,0,0,353.139
1.86,0,0,181.772,0,0,354.957
1.87,0,0,181.674,0,0,356.774
1.88,0,0,181.576,0,0,358.589
1.89,0,0,181.478,0,0,360.404
1.9,0,0,181.38,0,0,362.218
1.91,0,0,181.282,0,0,364.031
1.92,0,0,181.184,0,0,365.843
1.93,0,0,181.086,0,0,367.653
1.94,0,0,180.988,0,0,369.463
1.95,0,0,180.89,0,0,371.272
1.96,0,0,180.792,0,0,373.08
1.97,0,0,180.694,0,0,374.887
1.98,0,0,180.596,0,0,376.693
1.99,0,0,180.498,0,0,378.498
2,0,0,180.4,0,0,380.302
2.01,0,0,180.302,0,0,382.105
2.02,0,0,180.204,0,0,383.907
2.03,0,0,180.106,0,0,385.708
2.04,0,0,180.008,0,0,387.508
2.05,0,0,179.91,0,0,389.307
2.06,0,0,179.812,0,0,391.105
2.07,0,0,179.714,0,0,392.903
2.08,0,0,179.616,0,0,394.699
2.09,0,0,179.518,0,0,396.494
2.1,0,0,179.42,0,0,398.288
2.11,0,0,179.322,0,0,400.081
2.12,0,0,179.224,0,0,401.874
2.13,0,0,179.126,0,0,403.665
2.14,0,0,179.028,0,0,405.455
2.15,0,0,178.93,0,0,407.244
2.16,0,0,178.832,0,0,409.033
2.17,0,0,178.734,0,0,410.82
2.18,0,0,178.636,0,0,412.606
2.19,0,0,178.538,0,0,414.392
2.2,0,0,178.44,0,0,416.176
2.21,0,0,178.342,0,0,417.96
2.22,0,0,178.244,0,0,419.742
2.23,0,0,178.146,0,0,421.524
2.24,0,0,178.048,0,0,423.304
2.25,0,0,177.95,0,0,425.083
2.26,0,0,177.852,0,0,426.862
2.27,0,0,177.754,0,0,428.64
2.28,0,0,177.656,0,0,430.416
2.29,0,0,177.558,0,0,432.192
2.3,0,0,177.46,0,0,433.966
2.31,0,0,177.362,0,0,435.74
2.32,0,0,177.264,0,0,437.513
2.33,0,0,177.166,0,0,439.284
2.34,0,0,177.068,0,0,441.055
2.35,0,0,176.97,0,0,442.825
2.36,0,0,176.872,0,0,444.593
2.37,0,0,176.774,0,0,446.361
2.38,0,0,176.676,0,0,448.128
2.39,0,0,176.578,0,0,449.894
2.4,0,0,176.48,0,0,451.658
2.41,0,0,176.382,0,0,453.422
2.42,0,0,176.284,0,0,455.185
2.43,0,0,176.186,0,0,456.947
2.44,0,0,176.088,0,0,458.708
2.45,0,0,175.99,0,0,460.468
2.46,0,0,175.892,0,0,462.227
2.47,0,0,175.794,0,0,463.985
2.48,0,0,175.696,0,0,465.742
2.49,0,0,175.598,0,0,467.497
2.5,0,0,175.5,0,0,469.252
2.51,0,0,175.402,0,0,471.007
2.52,0,0,175.304,0,0,472.76
2.53,0,0,175.206,0,0,474.512
2.54,0,0,175.108,0,0,476.263
2.55,0,0,175.01,0,0,478.013
2.56,0,0,174.912,0,0,479.762
2.57,0,0,174.814,0,0,481.51
2.58,0,0,174.716,0,0,483.257
2.59,0,0,174.618,0,0,485.003
2.6,0,0,174.52,0,0,486.749
2.61,0,0,174.422,0,0,488.493
2.62,0,0,174.324,0,0,490.236
2.63,0,0,174.226,0,0,491.978
2.64,0,0,174.128,0,0,493.72
2.65,0,0,174.03,0,0,495.46
2.66,0,0,173.932,0,0,497.199
2.67,0,0,173.834,0,0,498.938
2.68,0,0,173.736,0,0,500.675
2.69,0,0,173.638,0,0,502.411
2.7,0,0,173.54,0,0,504.147
2.71,0,0,173.442,0,0,505.881
2.72,0,0,173.344,0,0,507.615
2.73,0,0,173.246,0,0,509.347
2.74,0,0,173.148,0,0,511.078
2.75,0,0,173.05,0,0,512.809
2.76,0,0,172.952,0,0,514.539
2.77,0,0,172.854,0,0,516.267
2.78,0,0,172.756,0,0,517.995
2.79,0,0,172.658,0,0,519.721
2.8,0,0,172.56,0,0,521.447
2.81,0,0,172.462,0,0,523.171
2.82,0,0,172.364,0,0,524.895
2.83,0,0,172.266,0,0,526.618
2.84,0,0,172.168,0,0,528.339
2.85,0,0,172.07,0,0,530.06
2.86,0,0,171.972,0,0,531.78
2.87,0,0,171.874,0,0,533.499
2.88,0,0,171.776,0,0,535.216
2.89,0,0,171.678,0,0,536.933
2.9,0,0,171.58,0,0,538.649
2.91,0,0,171.482,0,0,540.364
2.92,0,0,171.384,0,0,542.078
2.93,0,0,171.286,0,0,543.79
2.94,0,0,171.188,0,0,545.502
2.95,0,0,171.09,0,0,547.213
2.96,0,0,170.992,0,0,548.923
2.97,0,0,170.894,0,0,550.632
2.98,0,0,170.796,0,0,552.34
2.99,0,0,170.698,0,0,554.047
3,0,0,170.6,0,0,555.753
3.01,0,0,170.502,0,0,557.458
3.02,0,0,170.404,0,0,559.162
3.03,0,0,170.306,0,0,560.865
3.04,0,0,170.208,0,0,562.567
3.05,0,0,170.11,0,0,564.268
3.06,0,0,170.012,0,0,565.968
3.07,0,0,169.914,0,0,567.668
3.08,0,0,169.816,0,0,569.366
3.09,0,0,169.718,0,0,571.063
3.1,0,0,169.62,0,0,572.759
3.11,0,0,169.522,0,0,574.454
3.12,0,0,169.424,0,0,576.149
3.13,0,0,169.326,0,0,577.842
3.14,0,0,169.228,0,0,579.534
3.15,0,0,169.13,0,0,581.225
3.16,0,0,169.032,0,0,582.916
3.17,0,0,168.934,0,0,584.605
3.18,0,0,168.836,0,0,586.293
3.19,0,0,168.738,0,0,587.981
3.2,0,0,168.64,0,0,589.667
3.21,0,0,168.542,0,0,591.353
3.22,0,0,168.444,0,0,593.037
3.23,0,0,168.346,0,0,594.721
3.24,0,0,168.248,0,0,596.403
3.25,0,0,168.15,0,0,598.084
3.26,0,0,168.052,0,0,599.765
3.27,0,0,167.954,0,0,601.445
3.28,0,0,167.856,0,0,603.123
3.29,0,0,167.758,0,0,604.801
3.3,0,0,167.66,0,0,606.477
3.31,0,0,167.562,0,0,608.153
3.32,0,0,167.464,0,0,609.828
3.33,0,0,167.366,0,0,611.501
3.34,0,0,167.268,0,0,613.174
3.35,0,0,167.17,0,0,614.846
3.36,0,0,167.072,0,0,616.516
3.37,0,0,166.974,0,0,618.186
3.38,0,0,166.876,0,0,619.855
3.39,0,0,166.778,0,0,621.523
3.4,0,0,166.68,0,0,623.189
3.41,0,0,166.582,0,0,624.855
3.42,0,0,166.484,0,0,626.52
3.43,0,0,166.386,0,0,628.184
3.44,0,0,166.288,0,0,629.847
3.45,0,0,166.19,0,0,631.509
3.46,0,0,166.092,0,0,633.17
3.47,0,0,165.994,0,0,634.83
3.48,0,0,165.896,0,0,636.489
3.49,0,0,165.798,0,0,638.146
3.5,0,0,165.7,0,0,639.803
3.51,0,0,165.602,0,0,641.46
3.52,0,0,165.504,0,0,643.115
3.53,0,0,165.406,0,0,644.769
3.54,0,0,165.308,0,0,646.422
3.55,0,0,165.21,0,0,648.074
3.56,0,0,165.112,0,0,649.725
3.57,0,0,165.014,0,0,651.375
3.58,0,0,164.916,0,0,653.024
3.59,0,0,164.818,0,0,654.672
3.6,0,0,164.72,0,0,656.32
3.61,0,0,164.622,0,0,657.966
3.62,0,0,164.524,0,0,659.611
3.63,0,0,164.426,0,0,661.255
3.64,0,0,164.328,0,0,662.899
3.65,0,0,164.23,0,0,664.541
3.66,0,0,164.132,0,0,666.182
3.67,0,0,164.034,0,0,667.823
3.68,0,0,163.936,0,0,669.462
3.69,0,0,163.838,0,0,671.1
3.7,0,0,163.74,0,0,672.738
3.71,0,0,163.642,0,0,674.374
3.72,0,0,163.544,0,0,676.01
3.73,0,0,163.446,0,0,677.644
3.74,0,0,163.348,0,0,679.277
3.75,0,0,163.25,0,0,680.91
3.76,0,0,163.152,0,0,682.542
3.77,0,0,163.054,0,0,684.172
3.78,0,0,162.956,0,0,685.802
3.79,0,0,162.858,0,0,687.43
3.8,0,0,162.76,0,0,689.058
3.81,0,0,162.662,0,0,690.684
3.82,0,0,162.564,0,0,692.31
3.83,0,0,162.466,0,0,693.935
3.84,0,0,162.368,0,0,695.558
3.85,0,0,162.27,0,0,697.181
3.86,0,0,162.172,0,0,698.803
3.87,0,0,162.074,0,0,700.424
3.88,0,0,161.976,0,0,702.043
3.89,0,0,161.878,0,0,703.662
3.9,0,0,161.78,0,0,705.28
3.91,0,0,161.682,0,0,706.897
3.92,0,0,161.584,0,0,708.513
3.93,0,0,161.486,0,0,710.127
3.94,0,0,161.388,0,0,711.741
3.95,0,0,161.29,0,0,713.354
3.96,0,0,161.192,0,0,714.966
3.97,0,0,161.094,0,0,716.577
3.98,0,0,160.996,0,0,718.187
3.99,0,0,160.898,0,0,719.796
4,0,0,160.8,0,0,721.404
4.01,0,0,160.702,0,0,723.011
4.02,0,0,160.604,0,0,724.617
4.03,0,0,160.506,0,0,726.222
4.04,0,0,160.408,0,0,727.826
4.05,0,0,160.31,0,0,729.429
4.06,0,0,160.212,0,0,731.031
4.07,0,0,160.114,0,0,732.633
4.08,0,0,160.016,0,0,734.233
4.09,0,0,159.918,0,0,735.832
4.1,0,0,159.82,0,0,737.43
4.11,0,0,159.722,0,0,739.027
4.12,0,0,159.624,0,0,740.624
4.13,0,0,159.526,0,0,742.219
4.14,0,0,159.428,0,0,743.813
4.15,0,0,159.33,0,0,745.406
4.16,0,0,159.232,0,0,746.999
4.17,0,0,159.134,0,0,748.59
4.18,0,0,159.036,0,0,750.18
4.19,0,0,158.938,0,0,751.77
4.2,0,0,158.84,0,0,753.358
4.21,0,0,158.742,0,0,754.946
4.22,0,0,158.644,0,0,756.532
4.23,0,0,158.546,0,0,758.118
4.24,0,0,158.448,0,0,759.702
4.25,0,0,158.35,0,0,761.285
4.26,0,0,158.252,0,0,762.868
4.27,0,0,158.154,0,0,764.45
4.28,0,0,158.056,0,0,766.03
4.29,0,0,157.958,0,0,767.61
4.3,0,0,157.86,0,0,769.188
4.31,0,0,157.762,0,0,770.766
4.32,0,0,157.664,0,0,772.343
4.33,0,0,157.566,0,0,773.918
4.34,0,0,157.468,0,0,775.493
4.35,0,0,157.37,0,0,777.067
4.36,0,0,157.272,0,0,778.639
4.37,0,0,157.174,0,0,780.211
4.38,0,0,157.076,0,0,781.782
4.39,0,0,156.978,0,0,783.352
4.4,0,0,156.88,0,0,784.92
4.41,0,0,156.782,0,0,786.488
4.42,0,0,156.684,0,0,788.055
4.43,0,0,156.586,0,0,789.621
4.44,0,0,156.488,0,0,791.186
4.45,0,0,156.39,0,0,792.75
4.46,0,0,156.292,0,0,794.313
4.47,0,0,156.194,0,0,795.875
4.48,0,0,156.096,0,0,797.436
4.49,0,0,155.998,0,0,798.995
4.5,0,0,155.9,0,0,800.554
4.51,0,0,155.802,0,0,802.113
4.52,0,0,155.704,0,0,803.67
4.53,0,0,155.606,0,0,805.226
4.54,0,0,155.508,0,0,806.781
4.55,0,0,155.41,0,0,808.335
4.56,0,0,155.312,0,0,809.888
4.57,0,0,155.214,0,0,811.44
4.58,0,0,155.116,0,0,812.991
4.59,0,0,155.018,0,0,814.541
4.6,0,0,154.92,0,0,816.091
4.61,0,0,154.822,0,0,817.639
4.62,0,0,154.724,0,0,819.186
4.63,0,0,154.626,0,0,820.732
4.64,0,0,154.528,0,0,822.278
4.65,0,0,154.43,0,0,823.822
4.66,0,0,154.332,0,0,825.365
4.67,0,0,154.234,0,0,826.908
4.68,0,0,154.136,0,0,828.449
4.69,0,0,154.038,0,0,829.989
4.7,0,0,153.94,0,0,831.529
4.71,0,0,153.842,0,0,833.067
4.72,0,0,153.744,0,0,834.605
4.73,0,0,153.646,0,0,836.141
4.74,0,0,153.548,0,0,837.676
4.75,0,0,153.45,0,0,839.211
4.76,0,0,153.352,0,0,840.745
4.77,0,0,153.254,0,0,842.277
4.78,0,0,153.156,0,0,843.809
4.79,0,0,153.058,0,0,845.339
4.8,0,0,152.96,0,0,846.869
4.81,0,0,152.862,0,0,848.397
4.82,0,0,152.764,0,0,849.925
4.83,0,0,152.666,0,0,851.452
4.84,0,0,152.568,0,0,852.977
4.85,0,0,152.47,0,0,854.502
4.86,0,0,152.372,0,0,856.026
4.87,0,0,152.274,0,0,857.549
4.88,0,0,152.176,0,0,859.07
4.89,0,0,152.078,0,0,860.591
4.9,0,0,151.98,0,0,862.111
4.91,0,0,151.882,0,0,863.63
4.92,0,0,151.784,0,0,865.148
4.93,0,0,151.686,0,0,866.664
4.94,0,0,151.588,0,0,868.18
4.95,0,0,151.49,0,0,869.695
4.96,0,0,151.392,0,0,871.209
4.97,0,0,151.294,0,0,872.722
4.98,0,0,151.196,0,0,874.234
4.99,0,0,151.098,0,0,875.745
5,0,0,151,0,0,877.255
5.01,0,0,150.902,0,0,878.764
5.02,0,0,150.804,0,0,880.272
5.03,0,0,150.706,0,0,881.779
5.04,0,0,150.608,0,0,883.285
5.05,0,0,150.51,0,0,884.79
5.06,0,0,150.412,0,0,886.294
5.07,0,0,150.314,0,0,887.798
5.08,0,0,150.216,0,0,889.3
5.09,0,0,150.118,0,0,890.801
5.1,0,0,150.02,0,0,892.301
5.11,0,0,149.922,0,0,893.8
5.12,0,0,149.824,0,0,895.299
5.13,0,0,149.726,0,0,896.796
5.14,0,0,149.628,0,0,898.292
5.15,0,0,149.53,0,0,899.787
5.16,0,0,149.432,0,0,901.282
5.17,0,0,149.334,0,0,902.775
5.18,0,0,149.236,0,0,904.267
5.19,0,0,149.138,0,0,905.759
5.2,0,0,149.04,0,0,907.249
5.21,0,0,148.942,0,0,908.739
5.22,0,0,148.844,0,0,910.227
5.23,0,0,148.746,0,0,911.715
5.24,0,0,148.648,0,0,913.201
5.25,0,0,148.55,0,0,914.686
5.26,0,0,148.452,0,0,916.171
5.27,0,0,148.354,0,0,917.655
5.28,0,0,148.256,0,0,919.137
5.29,0,0,148.158,0,0,920.619
5.3,0,0,148.06,0,0,922.099
5.31,0,0,147.962,0,0,923.579
5.32,0,0,147.864,0,0,925.058
5.33,0,0,147.766,0,0,926.535
5.34,0,0,147.668,0,0,928.012
5.35,0,0,147.57,0,0,929.488
5.36,0,0,147.472,0,0,930.962
5.37,0,0,147.374,0,0,932.436
5.38,0,0,147.276,0,0,933.909
5.39,0,0,147.178,0,0,935.381
5.4,0,0,147.08,0,0,936.851
5.41,0,0,146.982,0,0,938.321
5.42,0,0,146.884,0,0,939.79
5.43,0,0,146.786,0,0,941.258
5.44,0,0,146.688,0,0,942.725
5.45,0,0,146.59,0,0,944.191
5.46,0,0,146.492,0,0,945.656
5.47,0,0,146.394,0,0,947.12
5.48,0,0,146.296,0,0,948.583
5.49,0,0,146.198,0,0,950.044
5.5,0,0,146.1,0,0,951.505
5.51,0,0,146.002,0,0,952.966
5.52,0,0,145.904,0,0,954.425
5.53,0,0,145.806,0,0,955.883
5.54,0,0,145.708,0,0,957.34
5.55,0,0,145.61,0,0,958.796
5.56,0,0,145.512,0,0,960.251
5.57,0,0,145.414,0,0,961.705
5.58,0,0,145.316,0,0,963.158
5.59,0,0,145.218,0,0,964.61
5.6,0,0,145.12,0,0,966.062
5.61,0,0,145.022,0,0,967.512
5.62,0,0,144.924,0,0,968.961
5.63,0,0,144.826,0,0,970.409
5.64,0,0,144.728,0,0,971.857
5.65,0,0,144.63,0,0,973.303
5.66,0,0,144.532,0,0,974.748
5.67,0,0,144.434,0,0,976.193
5.68,0,0,144.336,0,0,977.636
5.69,0,0,144.238,0,0,979.078
5.7,0,0,144.14,0,0,980.52
5.71,0,0,144.042,0,0,981.96
5.72,0,0,143.944,0,0,983.4
5.73,0,0,143.846,0,0,984.838
5.74,0,0,143.748,0,0,986.275
5.75,0,0,143.65,0,0,987.712
5.76,0,0,143.552,0,0,989.148
5.77,0,0,143.454,0,0,990.582
5.78,0,0,143.356,0,0,992.016
5.79,0,0,143.258,0,0,993.448
5.8,0,0,143.16,0,0,994.88
5.81,0,0,143.062,0,0,996.31
5.82,0,0,142.964,0,0,997.74
5.83,0,0,142.866,0,0,999.169
5.84,0,0,142.768,0,0,1000.6
5.85,0,0,142.67,0,0,1002.02
5.86,0,0,142.572,0,0,1003.45
5.87,0,0,142.474,0,0,1004.87
5.88,0,0,142.376,0,0,1006.3
5.89,0,0,142.278,0,0,1007.72
5.9,0,0,142.18,0,0,1009.14
5.91,0,0,142.082,0,0,1010.56
5.92,0,0,141.984,0,0,1011.98
5.93,0,0,141.886,0,0,1013.4
5.94,0,0,141.788,0,0,1014.82
5.95,0,0,141.69,0,0,1016.24
5.96,0,0,141.592,0,0,1017.65
5.97,0,0,141.494,0,0,1019.07
5.98,0,0,141.396,0,0,1020.48
5.99,0,0,141.298,0,0,1021.89
6,0,0,141.2,0,0,1023.31
6.01,0,0,141.102,0,0,1024.72
6.02,0,0,141.004,0,0,1026.13
6.03,0,0,140.906,0,0,1027.54
6.04,0,0,140.808,0,0,1028.94
6.05,0,0,140.71,0,0,1030.35
6.06,0,0,140.612,0,0,1031.76
6.07,0,0,140.514,0,0,1033.16
6.08,0,0,140.416,0,0,1034.57
6.09,0,0,140.318,0,0,1035.97
6.1,0,0,140.22,0,0,1037.37
6.11,0,0,140.122,0,0,1038.77
6.12,0,0,140.024,0,0,1040.17
6.13,0,0,139.926,0,0,1041.57
6.14,0,0,139.828,0,0,1042.97
6.15,0,0,139.73,0,0,1044.37
6.16,0,0,139.632,0,0,1045.76
6.17,0,0,139.534,0,0,1047.16
6.18,0,0,139.436,0,0,1048.55
6.19,0,0,139.338,0,0,1049.95
6.2,0,0,139.24,0,0,1051.34
6.21,0,0,139.142,0,0,1052.73
6.22,0,0,139.044,0,0,1054.12
6.23,0,0,138.946,0,0,1055.51
6.24,0,0,138.848,0,0,1056.9
6.25,0,0,138.75,0,0,1058.29
6.26,0,0,138.652,0,0,1059.67
6.27,0,0,138.554,0,0,1061.06
6.28,0,0,138.456,0,0,1062.44
6.29,0,0,138.358,0,0,1063.83
6.3,0,0,138.26,0,0,1065.21
6.31,0,0,138.162,0,0,1066.59
6.32,0,0,138.064,0,0,1067.97
6.33,0,0,137.966,0,0,1069.35
6.34,0,0,137.868,0,0,1070.73
6.35,0,0,137.77,0,0,1072.11
6.36,0,0,137.672,0,0,1073.49
6.37,0,0,137.574,0,0,1074.86
6.38,0,0,137.476,0,0,1076.24
6.39,0,0,137.378,0,0,1077.61
6.4,0,0,137.28,0,0,1078.98
6.41,0,0,137.182,0,0,1080.35
6.42,0,0,137.084,0,0,1081.73
6.43,0,0,136.986,0,0,1083.09
6.44,0,0,136.888,0,0,1084.46
6.45,0,0,136.79,0,0,1085.83
6.46,0,0,136.692,0,0,1087.2
6.47,0,0,136.594,0,0,1088.56
6.48,0,0,136.496,0,0,1089.93
6.49,0,0,136.398,0,0,1091.29
6.5,0,0,136.3,0,0,1092.66
6.51,0,0,136.202,0,0,1094.02
6.52,0,0,136.104,0,0,1095.38
6.53,0,0,136.006,0,0,1096.74
6.54,0,0,135.908,0,0,1098.1
6.55,0,0,135.81,0,0,1099.46
6.56,0,0,135.712,0,0,1100.81
6.57,0,0,135.614,0,0,1102.17
6.58,0,0,135.516,0,0,1103.53
6.59,0,0,135.418,0,0,1104.88
6.6,0,0,135.32,0,0,1106.23
6.61,0,0,135.222,0,0,1107.58
6.62,0,0,135.124,0,0,1108.94
6.63,0,0,135.026,0,0,1110.29
6.64,0,0,134.928,0,0,1111.64
6.65,0,0,134.83,0,0,1112.98
6.66,0,0,134.732,0,0,1114.33
6.67,0,0,134.634,0,0,1115.68
6.68,0,0,134.536,0,0,1117.02
6.69,0,0,134.438,0,0,1118.37
6.7,0,0,134.34,0,0,1119.71
6.71,0,0,134.242,0,0,1121.05
6.72,0,0,134.144,0,0,1122.39
6.73,0,0,134.046,0,0,1123.74
6.74,0,0,133.948,0,0,1125.07
6.75,0,0,133.85,0,0,1126.41
6.76,0,0,133.752,0,0,1127.75
6.77,0,0,133.654,0,0,1129.09
6.78,0,0,133.556,0,0,1130.42
6.79,0,0,133.458,0,0,1131.76
6.8,0,0,133.36,0,0,1133.09
6.81,0,0,133.262,0,0,1134.42
6.82,0,0,133.164,0,0,1135.76
6.83,0,0,133.066,0,0,1137.09
6.84,0,0,132.968,0,0,1138.42
6.85,0,0,132.87,0,0,1139.74
6.86,0,0,132.772,0,0,1141.07
6.87,0,0,132.674,0,0,1142.4
6.88,0,0,132.576,0,0,1143.72
6.89,0,0,132.478,0,0,1145.05
6.9,0,0,132.38,0,0,1146.37
6.91,0,0,132.282,0,0,1147.7
6.92,0,0,132.184,0,0,1149.02
6.93,0,0,132.086,0,0,1150.34
6.94,0,0,131.988,0,0,1151.66
6.95,0,0,131.89,0,0,1152.98
6.96,0,0,131.792,0,0,1154.3
6.97,0,0,131.694,0,0,1155.61
6.98,0,0,131.596,0,0,1156.93
6.99,0,0,131.498,0,0,1158.24
7,0,0,131.4,0,0,1159.56
7.01,0,0,131.302,0,0,1160.87
7.02,0,0,131.204,0,0,1162.18
7.03,0,0,131.106,0,0,1163.49
7.04,0,0,131.008,0,0,1164.8
7.05,0,0,130.91,0,0,1166.11
7.06,0,0,130.812,0,0,1167.42
7.07,0,0,130.714,0,0,1168.73
7.08,0,0,130.616,0,0,1170.03
7.09,0,0,130.518,0,0,1171.34
7.1,0,0,130.42,0,0,1172.64
7.11,0,0,130.322,0,0,1173.95
7.12,0,0,130.224,0,0,1175.25
7.13,0,0,130.126,0,0,1176.55
7.14,0,0,130.028,0,0,1177.85
7.15,0,0,129.93,0,0,1179.15
7.16,0,0,129.832,0,0,1180.45
7.17,0,0,129.734,0,0,1181.75
7.18,0,0,129.636,0,0,1183.04
7.19,0,0,129.538,0,0,1184.34
7.2,0,0,129.44,0,0,1185.63
7.21,0,0,129.342,0,0,1186.92
7.22,0,0,129.244,0,0,1188.22
7.23,0,0,129.146,0,0,1189.51
7.24,0,0,129.048,0,0,1190.8
7.25,0,0,128.95,0,0,1192.09
7.26,0,0,128.852,0,0,1193.38
7.27,0,0,128.754,0,0,1194.66
7.28,0,0,128.656,0,0,1195.95
7.29,0,0,128.558,0,0,1197.24
7.3,0,0,128.46,0,0,1198.52
7.31,0,0,128.362,0,0,1199.8
7.32,0,0,128.264,0,0,1201.09
7.33,0,0,128.166,0,0,1202.37
7.34,0,0,128.068,0,0,1203.65
7.35,0,0,127.97,0,0,1204.93
7.36,0,0,127.872,0,0,1206.21
7.37,0,0,127.774,0,0,1207.49
7.38,0,0,127.676,0,0,1208.76
7.39,0,0,127.578,0,0,1210.04
7.4,0,0,127.48,0,0,1211.31
7.41,0,0,127.382,0,0,1212.59
7.42,0,0,127.284,0,0,1213.86
7.43,0,0,127.186,0,0,1215.13
7.44,0,0,127.088,0,0,1216.4
7.45,0,0,126.99,0,0,1217.67
7.46,0,0,126.892,0,0,1218.94
7.47,0,0,126.794,0,0,1220.21
7.48,0,0,126.696,0,0,1221.48
7.49,0,0,126.598,0,0,1222.74
7.5,0,0,126.5,0,0,1224.01
7.51,0,0,126.402,0,0,1225.27
7.52,0,0,126.304,0,0,1226.53
7.53,0,0,126.206,0,0,1227.8
7.54,0,0,126.108,0,0,1229.06
7.55,0,0,126.01,0,0,1230.32
7.56,0,0,125.912,0,0,1231.58
7.57,0,0,125.814,0,0,1232.84
7.58,0,0,125.716,0,0,1234.09
7.59,0,0,125.618,0,0,1235.35
7.6,0,0,125.52,0,0,1236.6
7.61,0,0,125.422,0,0,1237.86
7.62,0,0,125.324,0,0,1239.11
7.63,0,0,125.226,0,0,1240.36
7.64,0,0,125.128,0,0,1241.61
7.65,0,0,125.03,0,0,1242.86
7.66,0,0,124.932,0,0,1244.11
7.67,0,0,124.834,0,0,1245.36
7.68,0,0,124.736,0,0,1246.61
7.69,0,0,124.638,0,0,1247.86
7.7,0,0,124.54,0,0,1249.1
7.71,0,0,124.442,0,0,1250.35
7.72,0,0,124.344,0,0,1251.59
7.73,0,0,124.246,0,0,1252.83
7.74,0,0,124.148,0,0,1254.07
7.75,0,0,124.05,0,0,1255.31
7.76,0,0,123.952,0,0,1256.55
7.77,0,0,123.854,0,0,1257.79
7.78,0,0,123.756,0,0,1259.03
7.79,0,0,123.658,0,0,1260.27
7.8,0,0,123.56,0,0,1261.5
7.81,0,0,123.462,0,0,1262.74
7.82,0,0,123.364,0,0,1263.97
7.83,0,0,123.266,0,0,1265.2
7.84,0,0,123.168,0,0,1266.43
7.85,0,0,123.07,0,0,1267.67
7.86,0,0,122.972,0,0,1268.89
7.87,0,0,122.874,0,0,1270.12
7.88,0,0,122.776,0,0,1271.35
7.89,0,0,122.678,0,0,1272.58
7.9,0,0,122.58,0,0,1273.8
7.91,0,0,122.482,0,0,1275.03
7.92,0,0,122.384,0,0,1276.25
7.93,0,0,122.286,0,0,1277.48
7.94,0,0,122.188,0,0,1278.7
7.95,0,0,122.09,0,0,1279.92
7.96,0,0,121.992,0,0,1281.14
7.97,0,0,121.894,0,0,1282.36
7.98,0,0,121.796,0,0,1283.58
7.99,0,0,121.698,0,0,1284.79
8,0,0,121.6,0,0,1286.01
8.01,0,0,121.502,0,0,1287.22
8.02,0,0,121.404,0,0,1288.44
8.03,0,0,121.306,0,0,1289.65
8.04,0,0,121.208,0,0,1290.86
8.05,0,0,121.11,0,0,1292.07
8.06,0,0,121.012,0,0,1293.28
8.07,0,0,120.914,0,0,1294.49
8.08,0,0,120.816,0,0,1295.7
8.09,0,0,120.718,0,0,1296.91
8.1,0,0,120.62,0,0,1298.11
8.11,0,0,120.522,0,0,1299.32
8.12,0,0,120.424,0,0,1300.52
8.13,0,0,120.326,0,0,1301.73
8.14,0,0,120.228,0,0,1302.93
8.15,0,0,120.13,0,0,1304.13
8.16,0,0,120.032,0,0,1305.33
8.17,0,0,119.934,0,0,1306.53
8.18,0,0,119.836,0,0,1307.73
8.19,0,0,119.738,0,0,1308.93
8.2,0,0,119.64,0,0,1310.12
8.21,0,0,119.542,0,0,1311.32
8.22,0,0,119.444,0,0,1312.51
8.23,0,0,119.346,0,0,1313.71
8.24,0,0,119.248,0,0,1314.9
8.25,0,0,119.15,0,0,1316.09
8.26,0,0,119.052,0,0,1317.28
8.27,0,0,118.954,0,0,1318.47
8.28,0,0,118.856,0,0,1319.66
8.29,0,0,118.758,0,0,1320.85
8.3,0,0,118.66,0,0,1322.03
8.31,0,0,118.562,0,0,1323.22
8.32,0,0,118.464,0,0,1324.4
8.33,0,0,118.366,0,0,1325.59
8.34,0,0,118.268,0,0,1326.77
8.35,0,0,118.17,0,0,1327.95
8.36,0,0,118.072,0,0,1329.13
8.37,0,0,117.974,0,0,1330.31
8.38,0,0,117.876,0,0,1331.49
8.39,0,0,117.778,0,0,1332.67
8.4,0,0,117.68,0,0,1333.84
8.41,0,0,117.582,0,0,1335.02
8.42,0,0,117.484,0,0,1336.2
8.43,0,0,117.386,0,0,1337.37
8.44,0,0,117.288,0,0,1338.54
8.45,0,0,117.19,0,0,1339.71
8.46,0,0,117.092,0,0,1340.88
8.47,0,0,116.994,0,0,1342.05
8.48,0,0,116.896,0,0,1343.22
8.49,0,0,116.798,0,0,1344.39
8.5,0,0,116.7,0,0,1345.56
8.51,0,0,116.602,0,0,1346.72
8.52,0,0,116.504,0,0,1347.89
8.53,0,0,116.406,0,0,1349.05
8.54,0,0,116.308,0,0,1350.22
8.55,0,0,116.21,0,0,1351.38
8.56,0,0,116.112,0,0,1352.54
8.57,0,0,116.014,0,0,1353.7
8.58,0,0,115.916,0,0,1354.86
8.59,0,0,115.818,0,0,1356.02
8.6,0,0,115.72,0,0,1357.17
8.61,0,0,115.622,0,0,1358.33
8.62,0,0,115.524,0,0,1359.49
8.63,0,0,115.426,0,0,1360.64
8.64,0,0,115.328,0,0,1361.79
8.65,0,0,115.23,0,0,1362.95
8.66,0,0,115.132,0,0,1364.1
8.67,0,0,115.034,0,0,1365.25
8.68,0,0,114.936,0,0,1366.4
8.69,0,0,114.838,0,0,1367.55
8.7,0,0,114.74,0,0,1368.69
8.71,0,0,114.642,0,0,1369.84
8.72,0,0,114.544,0,0,1370.98
8.73,0,0,114.446,0,0,1372.13
8.74,0,0,114.348,0,0,1373.27
8.75,0,0,114.25,0,0,1374.41
8.76,0,0,114.152,0,0,1375.56
8.77,0,0,114.054,0,0,1376.7
8.78,0,0,113.956,0,0,1377.84
8.79,0,0,113.858,0,0,1378.98
8.8,0,0,113.76,0,0,1380.11
8.81,0,0,113.662,0,0,1381.25
8.82,0,0,113.564,0,0,1382.39
8.83,0,0,113.466,0,0,1383.52
8.84,0,0,113.368,0,0,1384.65
8.85,0,0,113.27,0,0,1385.79
8.86,0,0,113.172,0,0,1386.92
8.87,0,0,113.074,0,0,1388.05
8.88,0,0,112.976,0,0,1389.18
8.89,0,0,112.878,0,0,1390.31
8.9,0,0,112.78,0,0,1391.43
8.91,0,0,112.682,0,0,1392.56
8.92,0,0,112.584,0,0,1393.69
8.93,0,0,112.486,0,0,1394.81
8.94,0,0,112.388,0,0,1395.94
8.95,0,0,112.29,0,0,1397.06
8.96,0,0,112.192,0,0,1398.18
8.97,0,0,112.094,0,0,1399.3
8.98,0,0,111.996,0,0,1400.42
8.99,0,0,111.898,0,0,1401.54
9,0,0,111.8,0,0,1402.66
9.01,0,0,111.702,0,0,1403.78
9.02,0,0,111.604,0,0,1404.89
9.03,0,0,111.506,0,0,1406.01
9.04,0,0,111.408,0,0,1407.12
9.05,0,0,111.31,0,0,1408.23
9.06,0,0,111.212,0,0,1409.35
9.07,0,0,111.114,0,0,1410.46
9.08,0,0,111.016,0,0,1411.57
9.09,0,0,110.918,0,0,1412.68
9.1,0,0,110.82,0,0,1413.79
9.11,0,0,110.722,0,0,1414.89
9.12,0,0,110.624,0,0,1416
9.13,0,0,110.526,0,0,1417.1
9.14,0,0,110.428,0,0,1418.21
9.15,0,0,110.33,0,0,1419.31
9.16,0,0,110.232,0,0,1420.41
9.17,0,0,110.134,0,0,1421.52
9.18,0,0,110.036,0,0,1422.62
9.19,0,0,109.938,0,0,1423.71
9.2,0,0,109.84,0,0,1424.81
9.21,0,0,109.742,0,0,1425.91
9.22,0,0,109.644,0,0,1427.01
9.23,0,0,109.546,0,0,1428.1
9.24,0,0,109.448,0,0,1429.2
9.25,0,0,109.35,0,0,1430.29
9.26,0,0,109.252,0,0,1431.38
9.27,0,0,109.154,0,0,1432.47
9.28,0,0,109.056,0,0,1433.57
9.29,0,0,108.958,0,0,1434.65
9.3,0,0,108.86,0,0,1435.74
9.31,0,0,108.762,0,0,1436.83
9.32,0,0,108.664,0,0,1437.92
9.33,0,0,108.566,0,0,1439
9.34,0,0,108.468,0,0,1440.09
9.35,0,0,108.37,0,0,1441.17
9.36,0,0,108.272,0,0,1442.25
9.37,0,0,108.174,0,0,1443.34
9.38,0,0,108.076,0,0,1444.42
9.39,0,0,107.978,0,0,1445.5
9.4,0,0,107.88,0,0,1446.58
9.41,0,0,107.782,0,0,1447.65
9.42,0,0,107.684,0,0,1448.73
9.43,0,0,107.586,0,0,1449.81
9.44,0,0,107.488,0,0,1450.88
9.45,0,0,107.39,0,0,1451.95
9.46,0,0,107.292,0,0,1453.03
9.47,0,0,107.194,0,0,1454.1
9.48,0,0,107.096,0,0,1455.17
9.49,0,0,106.998,0,0,1456.24
9.5,0,0,106.9,0,0,1457.31
9.51,0,0,106.802,0,0,1458.38
9.52,0,0,106.704,0,0,1459.44
9.53,0,0,106.606,0,0,1460.51
9.54,0,0,106.508,0,0,1461.58
9.55,0,0,106.41,0,0,1462.64
9.56,0,0,106.312,0,0,1463.7
9.57,0,0,106.214,0,0,1464.77
9.58,0,0,106.116,0,0,1465.83
9.59,0,0,106.018,0,0,1466.89
9.6,0,0,105.92,0,0,1467.95
9.61,0,0,105.822,0,0,1469
9.62,0,0,105.724,0,0,1470.06
9.63,0,0,105.626,0,0,1471.12
9.64,0,0,105.528,0,0,1472.17
9.65,0,0,105.43,0,0,1473.23
9.66,0,0,105.332,0,0,1474.28
9.67,0,0,105.234,0,0,1475.33
9.68,0,0,105.136,0,0,1476.38
9.69,0,0,105.038,0,0,1477.43
9.7,0,0,104.94,0,0,1478.48
9.71,0,0,104.842,0,0,1479.53
9.72,0,0,104.744,0,0,1480.58
9.73,0,0,104.646,0,0,1481.63
9.74,0,0,104.548,0,0,1482.67
9.75,0,0,104.45,0,0,1483.72
9.76,0,0,104.352,0,0,1484.76
9.77,0,0,104.254,0,0,1485.8
9.78,0,0,104.156,0,0,1486.84
9.79,0,0,104.058,0,0,1487.88
9.8,0,0,103.96,0,0,1488.92
9.81,0,0,103.862,0,0,1489.96
9.82,0,0,103.764,0,0,1491
9.83,0,0,103.666,0,0,1492.04
9.84,0,0,103.568,0,0,1493.07
9.85,0,0,103.47,0,0,1494.11
9.86,0,0,103.372,0,0,1495.14
9.87,0,0,103.274,0,0,1496.17
9.88,0,0,103.176,0,0,1497.21
9.89,0,0,103.078,0,0,1498.24
9.9,0,0,102.98,0,0,1499.27
9.91,0,0,102.882,0,0,1500.29
9.92,0,0,102.784,0,0,1501.32
9.93,0,0,102.686,0,0,1502.35
9.94,0,0,102.588,0,0,1503.38
9.95,0,0,102.49,0,0,1504.4
9.96,0,0,102.392,0,0,1505.42
9.97,0,0,102.294,0,0,1506.45
9.98,0,0,102.196,0,0,1507.47
9.99,0,0,102.098,0,0,1508.49
10,0,0,102,0,0,1509.51
10.01,0,0,101.902,0,0,1510.53
10.02,0,0,101.804,0,0,1511.55
10.03,0,0,101.706,0,0,1512.56
10.04,0,0,101.608,0,0,1513.58
10.05,0,0,101.51,0,0,1514.6
10.06,0,0,101.412,0,0,1515.61
10.07,0,0,101.314,0,0,1516.62
10.08,0,0,101.216,0,0,1517.63
10.09,0,0,101.118,0,0,1518.65
10.1,0,0,101.02,0,0,1519.66
10.11,0,0,100.922,0,0,1520.67
10.12,0,0,100.824,0,0,1521.67
10.13,0,0,100.726,0,0,1522.68
10.14,0,0,100.628,0,0,1523.69
10.15,0,0,100.53,0,0,1524.69
10.16,0,0,100.432,0,0,1525.7
10.17,0,0,100.334,0,0,1526.7
10.18,0,0,100.236,0,0,1527.7
10.19,0,0,100.138,0,0,1528.7
10.2,0,0,100.04,0,0,1529.7
10.21,0,0,99.942,0,0,1530.7
10.22,0,0,99.844,0,0,1531.7
10.23,0,0,99.746,0,0,1532.7
10.24,0,0,99.648,0,0,1533.7
10.25,0,0,99.55,0,0,1534.69
10.26,0,0,99.452,0,0,1535.69
10.27,0,0,99.354,0,0,1536.68
10.28,0,0,99.256,0,0,1537.67
10.29,0,0,99.158,0,0,1538.66
10.3,0,0,99.06,0,0,1539.65
10.31,0,0,98.962,0,0,1540.64
10.32,0,0,98.864,0,0,1541.63
10.33,0,0,98.766,0,0,1542.62
10.34,0,0,98.668,0,0,1543.61
10.35,0,0,98.57,0,0,1544.59
10.36,0,0,98.472,0,0,1545.58
10.37,0,0,98.374,0,0,1546.56
10.38,0,0,98.276,0,0,1547.54
10.39,0,0,98.178,0,0,1548.53
10.4,0,0,98.08,0,0,1549.51
10.41,0,0,97.982,0,0,1550.49
10.42,0,0,97.884,0,0,1551.47
10.43,0,0,97.786,0,0,1552.44
10.44,0,0,97.688,0,0,1553.42
10.45,0,0,97.59,0,0,1554.4
10.46,0,0,97.492,0,0,1555.37
10.47,0,0,97.394,0,0,1556.34
10.48,0,0,97.296,0,0,1557.32
10.49,0,0,97.198,0,0,1558.29
10.5,0,0,97.1,0,0,1559.26
10.51,0,0,97.002,0,0,1560.23
10.52,0,0,96.904,0,0,1561.2
10.53,0,0,96.806,0,0,1562.17
10.54,0,0,96.708,0,0,1563.13
10.55,0,0,96.61,0,0,1564.1
10.56,0,0,96.512,0,0,1565.07
10.57,0,0,96.414,0,0,1566.03
10.58,0,0,96.316,0,0,1566.99
10.59,0,0,96.218,0,0,1567.96
10.6,0,0,96.12,0,0,1568.92
10.61,0,0,96.022,0,0,1569.88
10.62,0,0,95.924,0,0,1570.84
10.63,0,0,95.826,0,0,1571.79
10.64,0,0,95.728,0,0,1572.75
10.65,0,0,95.63,0,0,1573.71
10.66,0,0,95.532,0,0,1574.66
10.67,0,0,95.434,0,0,1575.62
10.68,0,0,95.336,0,0,1576.57
10.69,0,0,95.238,0,0,1577.52
10.7,0,0,95.14,0,0,1578.47
10.71,0,0,95.042,0,0,1579.43
10.72,0,0,94.944,0,0,1580.37
10.73,0,0,94.846,0,0,1581.32
10.74,0,0,94.748,0,0,1582.27
10.75,0,0,94.65,0,0,1583.22
10.76,0,0,94.552,0,0,1584.16
10.77,0,0,94.454,0,0,1585.11
10.78,0,0,94.356,0,0,1586.05
10.79,0,0,94.258,0,0,1586.99
10.8,0,0,94.16,0,0,1587.93
10.81,0,0,94.062,0,0,1588.88
10.82,0,0,93.964,0,0,1589.82
10.83,0,0,93.866,0,0,1590.75
10.84,0,0,93.768,0,0,1591.69
10.85,0,0,93.67,0,0,1592.63
10.86,0,0,93.572,0,0,1593.56
10.87,0,0,93.474,0,0,1594.5
10.88,0,0,93.376,0,0,1595.43
10.89,0,0,93.278,0,0,1596.37
10.9,0,0,93.18,0,0,1597.3
10.91,0,0,93.082,0,0,1598.23
10.92,0,0,92.984,0,0,1599.16
10.93,0,0,92.886,0,0,1600.09
10.94,0,0,92.788,0,0,1601.01
10.95,0,0,92.69,0,0,1601.94
10.96,0,0,92.592,0,0,1602.87
10.97,0,0,92.494,0,0,1603.79
10.98,0,0,92.396,0,0,1604.72
10.99,0,0,92.298,0,0,1605.64
11,0,0,92.2,0,0,1606.56
11.01,0,0,92.102,0,0,1607.48
11.02,0,0,92.004,0,0,1608.4
11.03,0,0,91.906,0,0,1609.32
11.04,0,0,91.808,0,0,1610.24
11.05,0,0,91.71,0,0,1611.16
11.06,0,0,91.612,0,0,1612.07
11.07,0,0,91.514,0,0,1612.99
11.08,0,0,91.416,0,0,1613.9
11.09,0,0,91.318,0,0,1614.81
11.1,0,0,91.22,0,0,1615.73
11.11,0,0,91.122,0,0,1616.64
11.12,0,0,91.024,0,0,1617.55
11.13,0,0,90.926,0,0,1618.46
11.14,0,0,90.828,0,0,1619.37
11.15,0,0,90.73,0,0,1620.27
11.16,0,0,90.632,0,0,1621.18
11.17,0,0,90.534,0,0,1622.09
11.18,0,0,90.436,0,0,1622.99
11.19,0,0,90.338,0,0,1623.89
11.2,0,0,90.24,0,0,1624.8
11.21,0,0,90.142,0,0,1625.7
11.22,0,0,90.044,0,0,1626.6
11.23,0,0,89.946,0,0,1627.5
11.24,0,0,89.848,0,0,1628.39
11.25,0,0,89.75,0,0,1629.29
11.26,0,0,89.652,0,0,1630.19
11.27,0,0,89.554,0,0,1631.08
11.28,0,0,89.456,0,0,1631.98
11.29,0,0,89.358,0,0,1632.87
11.3,0,0,89.26,0,0,1633.77
11.31,0,0,89.162,0,0,1634.66
11.32,0,0,89.064,0,0,1635.55
11.33,0,0,88.966,0,0,1636.44
11.34,0,0,88.868,0,0,1637.33
11.35,0,0,88.77,0,0,1638.21
11.36,0,0,88.672,0,0,1639.1
11.37,0,0,88.574,0,0,1639.99
11.38,0,0,88.476,0,0,1640.87
11.39,0,0,88.378,0,0,1641.75
11.4,0,0,88.28,0,0,1642.64
11.41,0,0,88.182,0,0,1643.52
11.42,0,0,88.084,0,0,1644.4
11.43,0,0,87.986,0,0,1645.28
11.44,0,0,87.888,0,0,1646.16
11.45,0,0,87.79,0,0,1647.04
11.46,0,0,87.692,0,0,1647.91
11.47,0,0,87.594,0,0,1648.79
11.48,0,0,87.496,0,0,1649.66
11.49,0,0,87.398,0,0,1650.54
11.5,0,0,87.3,0,0,1651.41
11.51,0,0,87.202,0,0,1652.28
11.52,0,0,87.104,0,0,1653.15
11.53,0,0,87.006,0,0,1654.02
11.54,0,0,86.908,0,0,1654.89
11.55,0,0,86.81,0,0,1655.76
11.56,0,0,86.712,0,0,1656.63
11.57,0,0,86.614,0,0,1657.5
11.58,0,0,86.516,0,0,1658.36
11.59,0,0,86.418,0,0,1659.22
11.6,0,0,86.32,0,0,1660.09
11.61,0,0,86.222,0,0,1660.95
11.62,0,0,86.124,0,0,1661.81
11.63,0,0,86.026,0,0,1662.67
11.64,0,0,85.928,0,0,1663.53
11.65,0,0,85.83,0,0,1664.39
11.66,0,0,85.732,0,0,1665.25
11.67,0,0,85.634,0,0,1666.1
11.68,0,0,85.536,0,0,1666.96
11.69,0,0,85.438,0,0,1667.81
11.7,0,0,85.34,0,0,1668.67
11.71,0,0,85.242,0,0,1669.52
11.72,0,0,85.144,0,0,1670.37
11.73,0,0,85.046,0,0,1671.22
11.74,0,0,84.948,0,0,1672.07
11.75,0,0,84.85,0,0,1672.92
11.76,0,0,84.752,0,0,1673.77
11.77,0,0,84.654,0,0,1674.61
11.78,0,0,84.556,0,0,1675.46
11.79,0,0,84.458,0,0,1676.3
11.8,0,0,84.36,0,0,1677.15
11.81,0,0,84.262,0,0,1677.99
11.82,0,0,84.164,0,0,1678.83
11.83,0,0,84.066,0,0,1679.67
11.84,0,0,83.968,0,0,1680.51
11.85,0,0,83.87,0,0,1681.35
11.86,0,0,83.772,0,0,1682.19
11.87,0,0,83.674,0,0,1683.02
11.88,0,0,83.576,0,0,1683.86
11.89,0,0,83.478,0,0,1684.69
11.9,0,0,83.38,0,0,1685.53
11.91,0,0,83.282,0,0,1686.36
11.92,0,0,83.184,0,0,1687.19
11.93,0,0,83.086,0,0,1688.02
11.94,0,0,82.988,0,0,1688.85
11.95,0,0,82.89,0,0,1689.68
11.96,0,0,82.792,0,0,1690.51
11.97,0,0,82.694,0,0,1691.34
11.98,0,0,82.596,0,0,1692.16
11.99,0,0,82.498,0,0,1692.99
12,0,0,82.4,0,0,1693.81
12.01,0,0,82.302,0,0,1694.64
12.02,0,0,82.204,0,0,1695.46
12.03,0,0,82.106,0,0,1696.28
12.04,0,0,82.008,0,0,1697.1
12.05,0,0,81.91,0,0,1697.92
12.06,0,0,81.812,0,0,1698.74
12.07,0,0,81.714,0,0,1699.55
12.08,0,0,81.616,0,0,1700.37
12.09,0,0,81.518,0,0,1701.18
12.1,0,0,81.42,0,0,1702
12.11,0,0,81.322,0,0,1702.81
12.12,0,0,81.224,0,0,1703.62
12.13,0,0,81.126,0,0,1704.43
12.14,0,0,81.028,0,0,1705.25
12.15,0,0,80.93,0,0,1706.05
12.16,0,0,80.832,0,0,1706.86
12.17,0,0,80.734,0,0,1707.67
12.18,0,0,80.636,0,0,1708.48
12.19,0,0,80.538,0,0,1709.28
12.2,0,0,80.44,0,0,1710.09
12.21,0,0,80.342,0,0,1710.89
12.22,0,0,80.244,0,0,1711.69
12.23,0,0,80.146,0,0,1712.49
12.24,0,0,80.048,0,0,1713.29
12.25,0,0,79.95,0,0,1714.09
12.26,0,0,79.852,0,0,1714.89
12.27,0,0,79.754,0,0,1715.69
12.28,0,0,79.656,0,0,1716.49
12.29,0,0,79.558,0,0,1717.28
12.3,0,0,79.46,0,0,1718.08
12.31,0,0,79.362,0,0,1718.87
12.32,0,0,79.264,0,0,1719.66
12.33,0,0,79.166,0,0,1720.45
12.34,0,0,79.068,0,0,1721.24
12.35,0,0,78.97,0,0,1722.03
12.36,0,0,78.872,0,0,1722.82
12.37,0,0,78.774,0,0,1723.61
12.38,0,0,78.676,0,0,1724.4
12.39,0,0,78.578,0,0,1725.18
12.4,0,0,78.48,0,0,1725.97
12.41,0,0,78.382,0,0,1726.75
12.42,0,0,78.284,0,0,1727.54
12.43,0,0,78.186,0,0,1728.32
12.44,0,0,78.088,0,0,1729.1
12.45,0,0,77.99,0,0,1729.88
12.46,0,0,77.892,0,0,1730.66
12.47,0,0,77.794,0,0,1731.43
12.48,0,0,77.696,0,0,1732.21
12.49,0,0,77.598,0,0,1732.99
12.5,0,0,77.5,0,0,1733.76
12.51,0,0,77.402,0,0,1734.54
12.52,0,0,77.304,0,0,1735.31
12.53,0,0,77.206,0,0,1736.08
12.54,0,0,77.108,0,0,1736.85
12.55,0,0,77.01,0,0,1737.62
12.56,0,0,76.912,0,0,1738.39
12.57,0,0,76.814,0,0,1739.16
12.58,0,0,76.716,0,0,1739.93
12.59,0,0,76.618,0,0,1740.69
12.6,0,0,76.52,0,0,1741.46
12.61,0,0,76.422,0,0,1742.22
12.62,0,0,76.324,0,0,1742.99
12.63,0,0,76.226,0,0,1743.75
12.64,0,0,76.128,0,0,1744.51
12.65,0,0,76.03,0,0,1745.27
12.66,0,0,75.932,0,0,1746.03
12.67,0,0,75.834,0,0,1746.79
12.68,0,0,75.736,0,0,1747.54
12.69,0,0,75.638,0,0,1748.3
12.7,0,0,75.54,0,0,1749.06
12.71,0,0,75.442,0,0,1749.81
12.72,0,0,75.344,0,0,1750.56
12.73,0,0,75.246,0,0,1751.32
12.74,0,0,75.148,0,0,1752.07
12.75,0,0,75.05,0,0,1752.82
12.76,0,0,74.952,0,0,1753.57
12.77,0,0,74.854,0,0,1754.32
12.78,0,0,74.756,0,0,1755.06
12.79,0,0,74.658,0,0,1755.81
12.8,0,0,74.56,0,0,1756.56
12.81,0,0,74.462,0,0,1757.3
12.82,0,0,74.364,0,0,1758.05
12.83,0,0,74.266,0,0,1758.79
12.84,0,0,74.168,0,0,1759.53
12.85,0,0,74.07,0,0,1760.27
12.86,0,0,73.972,0,0,1761.01
12.87,0,0,73.874,0,0,1761.75
12.88,0,0,73.776,0,0,1762.49
12.89,0,0,73.678,0,0,1763.22
12.9,0,0,73.58,0,0,1763.96
12.91,0,0,73.482,0,0,1764.69
12.92,0,0,73.384,0,0,1765.43
12.93,0,0,73.286,0,0,1766.16
12.94,0,0,73.188,0,0,1766.89
12.95,0,0,73.09,0,0,1767.62
12.96,0,0,72.992,0,0,1768.35
12.97,0,0,72.894,0,0,1769.08
12.98,0,0,72.796,0,0,1769.81
12.99,0,0,72.698,0,0,1770.54
13,0,0,72.6,0,0,1771.26
13.01,0,0,72.502,0,0,1771.99
13.02,0,0,72.404,0,0,1772.71
13.03,0,0,72.306,0,0,1773.44
13.04,0,0,72.208,0,0,1774.16
13.05,0,0,72.11,0,0,1774.88
13.06,0,0,72.012,0,0,1775.6
13.07,0,0,71.914,0,0,1776.32
13.08,0,0,71.816,0,0,1777.04
13.09,0,0,71.718,0,0,1777.75
13.1,0,0,71.62,0,0,1778.47
13.11,0,0,71.522,0,0,1779.18
13.12,0,0,71.424,0,0,1779.9
13.13,0,0,71.326,0,0,1780.61
13.14,0,0,71.228,0,0,1781.32
13.15,0,0,71.13,0,0,1782.04
13.16,0,0,71.032,0,0,1782.75
13.17,0,0,70.934,0,0,1783.46
13.18,0,0,70.836,0,0,1784.16
13.19,0,0,70.738,0,0,1784.87
13.2,0,0,70.64,0,0,1785.58
13.21,0,0,70.542,0,0,1786.28
13.22,0,0,70.444,0,0,1786.99
13.23,0,0,70.346,0,0,1787.69
13.24,0,0,70.248,0,0,1788.39
13.25,0,0,70.15,0,0,1789.09
13.26,0,0,70.052,0,0,1789.8
13.27,0,0,69.954,0,0,1790.49
13.28,0,0,69.856,0,0,1791.19
13.29,0,0,69.758,0,0,1791.89
13.3,0,0,69.66,0,0,1792.59
13.31,0,0,69.562,0,0,1793.28
13.32,0,0,69.464,0,0,1793.98
13.33,0,0,69.366,0,0,1794.67
13.34,0,0,69.268,0,0,1795.36
13.35,0,0,69.17,0,0,1796.06
13.36,0,0,69.072,0,0,1796.75
13.37,0,0,68.974,0,0,1797.44
13.38,0,0,68.876,0,0,1798.12
13.39,0,0,68.778,0,0,1798.81
13.4,0,0,68.68,0,0,1799.5
13.41,0,0,68.582,0,0,1800.19
13.42,0,0,68.484,0,0,1800.87
13.43,0,0,68.386,0,0,1801.55
13.44,0,0,68.288,0,0,1802.24
13.45,0,0,68.19,0,0,1802.92
13.46,0,0,68.092,0,0,1803.6
13.47,0,0,67.994,0,0,1804.28
13.48,0,0,67.896,0,0,1804.96
13.49,0,0,67.798,0,0,1805.64
13.5,0,0,67.7,0,0,1806.31
13.51,0,0,67.602,0,0,1806.99
13.52,0,0,67.504,0,0,1807.66
13.53,0,0,67.406,0,0,1808.34
13.54,0,0,67.308,0,0,1809.01
13.55,0,0,67.21,0,0,1809.68
13.56,0,0,67.112,0,0,1810.35
13.57,0,0,67.014,0,0,1811.03
13.58,0,0,66.916,0,0,1811.69
13.59,0,0,66.818,0,0,1812.36
13.6,0,0,66.72,0,0,1813.03
13.61,0,0,66.622,0,0,1813.7
13.62,0,0,66.524,0,0,1814.36
13.63,0,0,66.426,0,0,1815.03
13.64,0,0,66.328,0,0,1815.69
13.65,0,0,66.23,0,0,1816.35
13.66,0,0,66.132,0,0,1817.01
13.67,0,0,66.034,0,0,1817.67
13.68,0,0,65.936,0,0,1818.33
13.69,0,0,65.838,0,0,1818.99
13.7,0,0,65.74,0,0,1819.65
13.71,0,0,65.642,0,0,1820.3
13.72,0,0,65.544,0,0,1820.96
13.73,0,0,65.446,0,0,1821.61
13.74,0,0,65.348,0,0,1822.27
13.75,0,0,65.25,0,0,1822.92
13.76,0,0,65.152,0,0,1823.57
13.77,0,0,65.054,0,0,1824.22
13.78,0,0,64.956,0,0,1824.87
13.79,0,0,64.858,0,0,1825.52
13.8,0,0,64.76,0,0,1826.17
13.81,0,0,64.662,0,0,1826.81
13.82,0,0,64.564,0,0,1827.46
13.83,0,0,64.466,0,0,1828.1
13.84,0,0,64.368,0,0,1828.75
13.85,0,0,64.27,0,0,1829.39
13.86,0,0,64.172,0,0,1830.03
13.87,0,0,64.074,0,0,1830.67
13.88,0,0,63.976,0,0,1831.31
13.89,0,0,63.878,0,0,1831.95
13.9,0,0,63.78,0,0,1832.59
13.91,0,0,63.682,0,0,1833.23
13.92,0,0,63.584,0,0,1833.86
13.93,0,0,63.486,0,0,1834.5
13.94,0,0,63.388,0,0,1835.13
13.95,0,0,63.29,0,0,1835.76
13.96,0,0,63.192,0,0,1836.4
13.97,0,0,63.094,0,0,1837.03
13.98,0,0,62.996,0,0,1837.66
13.99,0,0,62.898,0,0,1838.29
14,0,0,62.8,0,0,1838.91
14.01,0,0,62.702,0,0,1839.54
14.02,0,0,62.604,0,0,1840.17
14.03,0,0,62.506,0,0,1840.79
14.04,0,0,62.408,0,0,1841.42
14.05,0,0,62.31,0,0,1842.04
14.06,0,0,62.212,0,0,1842.66
14.07,0,0,62.114,0,0,1843.28
14.08,0,0,62.016,0,0,1843.9
14.09,0,0,61.918,0,0,1844.52
14.1,0,0,61.82,0,0,1845.14
14.11,0,0,61.722,0,0,1845.76
14.12,0,0,61.624,0,0,1846.37
14.13,0,0,61.526,0,0,1846.99
14.14,0,0,61.428,0,0,1847.6
14.15,0,0,61.33,0,0,1848.22
14.16,0,0,61.232,0,0,1848.83
14.17,0,0,61.134,0,0,1849.44
14.18,0,0,61.036,0,0,1850.05
14.19,0,0,60.938,0,0,1850.66
14.2,0,0,60.84,0,0,1851.27
14.21,0,0,60.742,0,0,1851.88
14.22,0,0,60.644,0,0,1852.48
14.23,0,0,60.546,0,0,1853.09
14.24,0,0,60.448,0,0,1853.69
14.25,0,0,60.35,0,0,1854.3
14.26,0,0,60.252,0,0,1854.9
14.27,0,0,60.154,0,0,1855.5
14.28,0,0,60.056,0,0,1856.1
14.29,0,0,59.958,0,0,1856.7
14.3,0,0,59.86,0,0,1857.3
14.31,0,0,59.762,0,0,1857.9
14.32,0,0,59.664,0,0,1858.49
14.33,0,0,59.566,0,0,1859.09
14.34,0,0,59.468,0,0,1859.68
14.35,0,0,59.37,0,0,1860.28
14.36,0,0,59.272,0,0,1860.87
14.37,0,0,59.174,0,0,1861.46
14.38,0,0,59.076,0,0,1862.05
14.39,0,0,58.978,0,0,1862.64
14.4,0,0,58.88,0,0,1863.23
14.41,0,0,58.782,0,0,1863.82
14.42,0,0,58.684,0,0,1864.41
14.43,0,0,58.586,0,0,1864.99
14.44,0,0,58.488,0,0,1865.58
14.45,0,0,58.39,0,0,1866.16
14.46,0,0,58.292,0,0,1866.74
14.47,0,0,58.194,0,0,1867.32
14.48,0,0,58.096,0,0,1867.91
14.49,0,0,57.998,0,0,1868.49
14.5,0,0,57.9,0,0,1869.06
14.51,0,0,57.802,0,0,1869.64
14.52,0,0,57.704,0,0,1870.22
14.53,0,0,57.606,0,0,1870.8
14.54,0,0,57.508,0,0,1871.37
14.55,0,0,57.41,0,0,1871.94
14.56,0,0,57.312,0,0,1872.52
14.57,0,0,57.214,0,0,1873.09
14.58,0,0,57.116,0,0,1873.66
14.59,0,0,57.018,0,0,1874.23
14.6,0,0,56.92,0,0,1874.8
14.61,0,0,56.822,0,0,1875.37
14.62,0,0,56.724,0,0,1875.94
14.63,0,0,56.626,0,0,1876.5
14.64,0,0,56.528,0,0,1877.07
14.65,0,0,56.43,0,0,1877.63
14.66,0,0,56.332,0,0,1878.2
14.67,0,0,56.234,0,0,1878.76
14.68,0,0,56.136,0,0,1879.32
14.69,0,0,56.038,0,0,1879.88
14.7,0,0,55.94,0,0,1880.44
14.71,0,0,55.842,0,0,1881
14.72,0,0,55.744,0,0,1881.55
14.73,0,0,55.646,0,0,1882.11
14.74,0,0,55.548,0,0,1882.67
14.75,0,0,55.45,0,0,1883.22
14.76,0,0,55.352,0,0,1883.77
14.77,0,0,55.254,0,0,1884.33
14.78,0,0,55.156,0,0,1884.88
14.79,0,0,55.058,0,0,1885.43
14.8,0,0,54.96,0,0,1885.98
14.81,0,0,54.862,0,0,1886.53
14.82,0,0,54.764,0,0,1887.08
14.83,0,0,54.666,0,0,1887.62
14.84,0,0,54.568,0,0,1888.17
14.85,0,0,54.47,0,0,1888.71
14.86,0,0,54.372,0,0,1889.26
14.87,0,0,54.274,0,0,1889.8
14.88,0,0,54.176,0,0,1890.34
14.89,0,0,54.078,0,0,1890.88
14.9,0,0,53.98,0,0,1891.42
14.91,0,0,53.882,0,0,1891.96
14.92,0,0,53.784,0,0,1892.5
14.93,0,0,53.686,0,0,1893.03
14.94,0,0,53.588,0,0,1893.57
14.95,0,0,53.49,0,0,1894.11
14.96,0,0,53.392,0,0,1894.64
14.97,0,0,53.294,0,0,1895.17
14.98,0,0,53.196,0,0,1895.7
14.99,0,0,53.098,0,0,1896.23
15,0,0,53,0,0,1896.76
15.01,0,0,52.902,0,0,1897.29
15.02,0,0,52.804,0,0,1897.82
15.03,0,0,52.706,0,0,1898.35
15.04,0,0,52.608,0,0,1898.88
15.05,0,0,52.51,0,0,1899.4
15.06,0,0,52.412,0,0,1899.92
15.07,0,0,52.314,0,0,1900.45
15.08,0,0,52.216,0,0,1900.97
15.09,0,0,52.118,0,0,1901.49
15.1,0,0,52.02,0,0,1902.01
15.11,0,0,51.922,0,0,1902.53
15.12,0,0,51.824,0,0,1903.05
15.13,0,0,51.726,0,0,1903.57
15.14,0,0,51.628,0,0,1904.08
15.15,0,0,51.53,0,0,1904.6
15.16,0,0,51.432,0,0,1905.11
15.17,0,0,51.334,0,0,1905.63
15.18,0,0,51.236,0,0,1906.14
15.19,0,0,51.138,0,0,1906.65
15.2,0,0,51.04,0,0,1907.16
15.21,0,0,50.942,0,0,1907.67
15.22,0,0,50.844,0,0,1908.18
15.23,0,0,50.746,0,0,1908.68
15.24,0,0,50.648,0,0,1909.19
15.25,0,0,50.55,0,0,1909.7
15.26,0,0,50.452,0,0,1910.2
15.27,0,0,50.354,0,0,1910.7
15.28,0,0,50.256,0,0,1911.21
15.29,0,0,50.158,0,0,1911.71
15.3,0,0,50.06,0,0,1912.21
15.31,0,0,49.962,0,0,1912.71
15.32,0,0,49.864,0,0,1913.21
15.33,0,0,49.766,0,0,1913.71
15.34,0,0,49.668,0,0,1914.2
15.35,0,0,49.57,0,0,1914.7
15.36,0,0,49.472,0,0,1915.19
15.37,0,0,49.374,0,0,1915.69
15.38,0,0,49.276,0,0,1916.18
15.39,0,0,49.178,0,0,1916.67
15.4,0,0,49.08,0,0,1917.16
15.41,0,0,48.982,0,0,1917.65
15.42,0,0,48.884,0,0,1918.14
15.43,0,0,48.786,0,0,1918.63
15.44,0,0,48.688,0,0,1919.11
15.45,0,0,48.59,0,0,1919.6
15.46,0,0,48.492,0,0,1920.09
15.47,0,0,48.394,0,0,1920.57
15.48,0,0,48.296,0,0,1921.05
15.49,0,0,48.198,0,0,1921.53
15.5,0,0,48.1,0,0,1922.02
15.51,0,0,48.002,0,0,1922.5
15.52,0,0,47.904,0,0,1922.97
15.53,0,0,47.806,0,0,1923.45
15.54,0,0,47.708,0,0,1923.93
15.55,0,0,47.61,0,0,1924.41
15.56,0,0,47.512,0,0,1924.88
15.57,0,0,47.414,0,0,1925.36
15.58,0,0,47.316,0,0,1925.83
15.59,0,0,47.218,0,0,1926.3
15.6,0,0,47.12,0,0,1926.77
15.61,0,0,47.022,0,0,1927.24
15.62,0,0,46.924,0,0,1927.71
15.63,0,0,46.826,0,0,1928.18
15.64,0,0,46.728,0,0,1928.65
15.65,0,0,46.63,0,0,1929.11
15.66,0,0,46.532,0,0,1929.58
15.67,0,0,46.434,0,0,1930.04
15.68,0,0,46.336,0,0,1930.51
15.69,0,0,46.238,0,0,1930.97
15.7,0,0,46.14,0,0,1931.43
15.71,0,0,46.042,0,0,1931.89
15.72,0,0,45.944,0,0,1932.35
15.73,0,0,45.846,0,0,1932.81
15.74,0,0,45.748,0,0,1933.27
15.75,0,0,45.65,0,0,1933.72
15.76,0,0,45.552,0,0,1934.18
15.77,0,0,45.454,0,0,1934.63
15.78,0,0,45.356,0,0,1935.09
15.79,0,0,45.258,0,0,1935.54
15.8,0,0,45.16,0,0,1935.99
15.81,0,0,45.062,0,0,1936.44
15.82,0,0,44.964,0,0,1936.89
15.83,0,0,44.866,0,0,1937.34
15.84,0,0,44.768,0,0,1937.79
15.85,0,0,44.67,0,0,1938.23
15.86,0,0,44.572,0,0,1938.68
15.87,0,0,44.474,0,0,1939.12
15.88,0,0,44.376,0,0,1939.57
15.89,0,0,44.278,0,0,1940.01
15.9,0,0,44.18,0,0,1940.45
15.91,0,0,44.082,0,0,1940.89
15.92,0,0,43.984,0,0,1941.33
15.93,0,0,43.886,0,0,1941.77
15.94,0,0,43.788,0,0,1942.21
15.95,0,0,43.69,0,0,1942.65
15.96,0,0,43.592,0,0,1943.08
15.97,0,0,43.494,0,0,1943.52
15.98,0,0,43.396,0,0,1943.95
15.99,0,0,43.298,0,0,1944.38
16,0,0,43.2,0,0,1944.82
16.01,0,0,43.102,0,0,1945.25
16.02,0,0,43.004,0,0,1945.68
16.03,0,0,42.906,0,0,1946.11
16.04,0,0,42.808,0,0,1946.53
16.05,0,0,42.71,0,0,1946.96
16.06,0,0,42.612,0,0,1947.39
16.07,0,0,42.514,0,0,1947.81
16.08,0,0,42.416,0,0,1948.24
16.09,0,0,42.318,0,0,1948.66
16.1,0,0,42.22,0,0,1949.08
16.11,0,0,42.122,0,0,1949.5
16.12,0,0,42.024,0,0,1949.92
16.13,0,0,41.926,0,0,1950.34
16.14,0,0,41.828,0,0,1950.76
16.15,0,0,41.73,0,0,1951.18
16.16,0,0,41.632,0,0,1951.59
16.17,0,0,41.534,0,0,1952.01
16.18,0,0,41.436,0,0,1952.42
16.19,0,0,41.338,0,0,1952.84
16.2,0,0,41.24,0,0,1953.25
16.21,0,0,41.142,0,0,1953.66
16.22,0,0,41.044,0,0,1954.07
16.23,0,0,40.946,0,0,1954.48
16.24,0,0,40.848,0,0,1954.89
16.25,0,0,40.75,0,0,1955.3
16.26,0,0,40.652,0,0,1955.7
16.27,0,0,40.554,0,0,1956.11
16.28,0,0,40.456,0,0,1956.51
16.29,0,0,40.358,0,0,1956.92
16.3,0,0,40.26,0,0,1957.32
16.31,0,0,40.162,0,0,1957.72
16.32,0,0,40.064,0,0,1958.12
16.33,0,0,39.966,0,0,1958.52
16.34,0,0,39.868,0,0,1958.92
16.35,0,0,39.77,0,0,1959.32
16.36,0,0,39.672,0,0,1959.72
16.37,0,0,39.574,0,0,1960.11
16.38,0,0,39.476,0,0,1960.51
16.39,0,0,39.378,0,0,1960.9
16.4,0,0,39.28,0,0,1961.29
16.41,0,0,39.182,0,0,1961.68
16.42,0,0,39.084,0,0,1962.08
16.43,0,0,38.986,0,0,1962.46
16.44,0,0,38.888,0,0,1962.85
16.45,0,0,38.79,0,0,1963.24
16.46,0,0,38.692,0,0,1963.63
16.47,0,0,38.594,0,0,1964.01
16.48,0,0,38.496,0,0,1964.4
16.49,0,0,38.398,0,0,1964.78
16.5,0,0,38.3,0,0,1965.17
16.51,0,0,38.202,0,0,1965.55
16.52,0,0,38.104,0,0,1965.93
16.53,0,0,38.006,0,0,1966.31
16.54,0,0,37.908,0,0,1966.69
16.55,0,0,37.81,0,0,1967.07
16.56,0,0,37.712,0,0,1967.44
16.57,0,0,37.614,0,0,1967.82
16.58,0,0,37.516,0,0,1968.2
16.59,0,0,37.418,0,0,1968.57
16.6,0,0,37.32,0,0,1968.94
16.61,0,0,37.222,0,0,1969.31
16.62,0,0,37.124,0,0,1969.69
16.63,0,0,37.026,0,0,1970.06
16.64,0,0,36.928,0,0,1970.43
16.65,0,0,36.83,0,0,1970.79
16.66,0,0,36.732,0,0,1971.16
16.67,0,0,36.634,0,0,1971.53
16.68,0,0,36.536,0,0,1971.89
16.69,0,0,36.438,0,0,1972.26
16.7,0,0,36.34,0,0,1972.62
16.71,0,0,36.242,0,0,1972.98
16.72,0,0,36.144,0,0,1973.34
16.73,0,0,36.046,0,0,1973.71
16.74,0,0,35.948,0,0,1974.06
16.75,0,0,35.85,0,0,1974.42
16.76,0,0,35.752,0,0,1974.78
16.77,0,0,35.654,0,0,1975.14
16.78,0,0,35.556,0,0,1975.49
16.79,0,0,35.458,0,0,1975.85
16.8,0,0,35.36,0,0,1976.2
16.81,0,0,35.262,0,0,1976.55
16.82,0,0,35.164,0,0,1976.91
16.83,0,0,35.066,0,0,1977.26
16.84,0,0,34.968,0,0,1977.61
16.85,0,0,34.87,0,0,1977.95
16.86,0,0,34.772,0,0,1978.3
16.87,0,0,34.674,0,0,1978.65
16.88,0,0,34.576,0,0,1978.99
16.89,0,0,34.478,0,0,1979.34
16.9,0,0,34.38,0,0,1979.68
16.91,0,0,34.282,0,0,1980.03
16.92,0,0,34.184,0,0,1980.37
16.93,0,0,34.086,0,0,1980.71
16.94,0,0,33.988,0,0,1981.05
16.95,0,0,33.89,0,0,1981.39
16.96,0,0,33.792,0,0,1981.73
16.97,0,0,33.694,0,0,1982.06
16.98,0,0,33.596,0,0,1982.4
16.99,0,0,33.498,0,0,1982.73
17,0,0,33.4,0,0,1983.07
17.01,0,0,33.302,0,0,1983.4
17.02,0,0,33.204,0,0,1983.73
17.03,0,0,33.106,0,0,1984.06
17.04,0,0,33.008,0,0,1984.39
17.05,0,0,32.91,0,0,1984.72
17.06,0,0,32.812,0,0,1985.05
17.07,0,0,32.714,0,0,1985.38
17.08,0,0,32.616,0,0,1985.7
17.09,0,0,32.518,0,0,1986.03
17.1,0,0,32.42,0,0,1986.35
17.11,0,0,32.322,0,0,1986.68
17.12,0,0,32.224,0,0,1987
17.13,0,0,32.126,0,0,1987.32
17.14,0,0,32.028,0,0,1987.64
17.15,0,0,31.93,0,0,1987.96
17.16,0,0,31.832,0,0,1988.28
17.17,0,0,31.734,0,0,1988.6
17.18,0,0,31.636,0,0,1988.91
17.19,0,0,31.538,0,0,1989.23
17.2,0,0,31.44,0,0,1989.54
17.21,0,0,31.342,0,0,1989.85
17.22,0,0,31.244,0,0,1990.17
17.23,0,0,31.146,0,0,1990.48
17.24,0,0,31.048,0,0,1990.79
17.25,0,0,30.95,0,0,1991.1
17.26,0,0,30.852,0,0,1991.41
17.27,0,0,30.754,0,0,1991.71
17.28,0,0,30.656,0,0,1992.02
17.29,0,0,30.558,0,0,1992.33
17.3,0,0,30.46,0,0,1992.63
17.31,0,0,30.362,0,0,1992.93
17.32,0,0,30.264,0,0,1993.24
17.33,0,0,30.166,0,0,1993.54
17.34,0,0,30.068,0,0,1993.84
17.35,0,0,29.97,0,0,1994.14
17.36,0,0,29.872,0,0,1994.44
17.37,0,0,29.774,0,0,1994.74
17.38,0,0,29.676,0,0,1995.03
17.39,0,0,29.578,0,0,1995.33
17.4,0,0,29.48,0,0,1995.62
17.41,0,0,29.382,0,0,1995.92
17.42,0,0,29.284,0,0,1996.21
17.43,0,0,29.186,0,0,1996.5
17.44,0,0,29.088,0,0,1996.79
17.45,0,0,28.99,0,0,1997.08
17.46,0,0,28.892,0,0,1997.37
17.47,0,0,28.794,0,0,1997.66
17.48,0,0,28.696,0,0,1997.95
17.49,0,0,28.598,0,0,1998.23
17.5,0,0,28.5,0,0,1998.52
17.51,0,0,28.402,0,0,1998.8
17.52,0,0,28.304,0,0,1999.08
17.53,0,0,28.206,0,0,1999.37
17.54,0,0,28.108,0,0,1999.65
17.55,0,0,28.01,0,0,1999.93
17.56,0,0,27.912,0,0,2000.21
17.57,0,0,27.814,0,0,2000.49
17.58,0,0,27.716,0,0,2000.76
17.59,0,0,27.618,0,0,2001.04
17.6,0,0,27.52,0,0,2001.31
17.61,0,0,27.422,0,0,2001.59
17.62,0,0,27.324,0,0,2001.86
17.63,0,0,27.226,0,0,2002.13
17.64,0,0,27.128,0,0,2002.4
17.65,0,0,27.03,0,0,2002.67
17.66,0,0,26.932,0,0,2002.94
17.67,0,0,26.834,0,0,2003.21
17.68,0,0,26.736,0,0,2003.48
17.69,0,0,26.638,0,0,2003.75
17.7,0,0,26.54,0,0,2004.01
17.71,0,0,26.442,0,0,2004.28
17.72,0,0,26.344,0,0,2004.54
17.73,0,0,26.246,0,0,2004.8
17.74,0,0,26.148,0,0,2005.06
17.75,0,0,26.05,0,0,2005.32
17.76,0,0,25.952,0,0,2005.58
17.77,0,0,25.854,0,0,2005.84
17.78,0,0,25.756,0,0,2006.1
17.79,0,0,25.658,0,0,2006.36
17.8,0,0,25.56,0,0,2006.61
17.81,0,0,25.462,0,0,2006.87
17.82,0,0,25.364,0,0,2007.12
17.83,0,0,25.266,0,0,2007.37
17.84,0,0,25.168,0,0,2007.62
17.85,0,0,25.07,0,0,2007.88
17.86,0,0,24.972,0,0,2008.12
17.87,0,0,24.874,0,0,2008.37
17.88,0,0,24.776,0,0,2008.62
17.89,0,0,24.678,0,0,2008.87
17.9,0,0,24.58,0,0,2009.11
17.91,0,0,24.482,0,0,2009.36
17.92,0,0,24.384,0,0,2009.6
17.93,0,0,24.286,0,0,2009.85
17.94,0,0,24.188,0,0,2010.09
17.95,0,0,24.09,0,0,2010.33
17.96,0,0,23.992,0,0,2010.57
17.97,0,0,23.894,0,0,2010.81
17.98,0,0,23.796,0,0,2011.05
17.99,0,0,23.698,0,0,2011.28
18,0,0,23.6,0,0,2011.52
18.01,0,0,23.502,0,0,2011.75
18.02,0,0,23.404,0,0,2011.99
18.03,0,0,23.306,0,0,2012.22
18.04,0,0,23.208,0,0,2012.45
18.05,0,0,23.11,0,0,2012.68
18.06,0,0,23.012,0,0,2012.91
18.07,0,0,22.914,0,0,2013.14
18.08,0,0,22.816,0,0,2013.37
18.09,0,0,22.718,0,0,2013.6
18.1,0,0,22.62,0,0,2013.82
18.11,0,0,22.522,0,0,2014.05
18.12,0,0,22.424,0,0,2014.27
18.13,0,0,22.326,0,0,2014.5
18.14,0,0,22.228,0,0,2014.72
18.15,0,0,22.13,0,0,2014.94
18.16,0,0,22.032,0,0,2015.16
18.17,0,0,21.934,0,0,2015.38
18.18,0,0,21.836,0,0,2015.6
18.19,0,0,21.738,0,0,2015.82
18.2,0,0,21.64,0,0,2016.03
18.21,0,0,21.542,0,0,2016.25
18.22,0,0,21.444,0,0,2016.46
18.23,0,0,21.346,0,0,2016.68
18.24,0,0,21.248,0,0,2016.89
18.25,0,0,21.15,0,0,2017.1
18.26,0,0,21.052,0,0,2017.31
18.27,0,0,20.954,0,0,2017.52
18.28,0,0,20.856,0,0,2017.73
18.29,0,0,20.758,0,0,2017.94
18.3,0,0,20.66,0,0,2018.14
18.31,0,0,20.562,0,0,2018.35
18.32,0,0,20.464,0,0,2018.55
18.33,0,0,20.366,0,0,2018.76
18.34,0,0,20.268,0,0,2018.96
18.35,0,0,20.17,0,0,2019.16
18.36,0,0,20.072,0,0,2019.36
18.37,0,0,19.974,0,0,2019.56
18.38,0,0,19.876,0,0,2019.76
18.39,0,0,19.778,0,0,2019.96
18.4,0,0,19.68,0,0,2020.15
18.41,0,0,19.582,0,0,2020.35
18.42,0,0,19.484,0,0,2020.55
18.43,0,0,19.386,0,0,2020.74
18.44,0,0,19.288,0,0,2020.93
18.45,0,0,19.19,0,0,2021.12
18.46,0,0,19.092,0,0,2021.31
18.47,0,0,18.994,0,0,2021.5
18.48,0,0,18.896,0,0,2021.69
18.49,0,0,18.798,0,0,2021.88
18.5,0,0,18.7,0,0,2022.07
18.51,0,0,18.602,0,0,2022.25
18.52,0,0,18.504,0,0,2022.44
18.53,0,0,18.406,0,0,2022.62
18.54,0,0,18.308,0,0,2022.81
18.55,0,0,18.21,0,0,2022.99
18.56,0,0,18.112,0,0,2023.17
18.57,0,0,18.014,0,0,2023.35
18.58,0,0,17.916,0,0,2023.53
18.59,0,0,17.818,0,0,2023.71
18.6,0,0,17.72,0,0,2023.88
18.61,0,0,17.622,0,0,2024.06
18.62,0,0,17.524,0,0,2024.24
18.63,0,0,17.426,0,0,2024.41
18.64,0,0,17.328,0,0,2024.58
18.65,0,0,17.23,0,0,2024.76
18.66,0,0,17.132,0,0,2024.93
18.67,0,0,17.034,0,0,2025.1
18.68,0,0,16.936,0,0,2025.27
18.69,0,0,16.838,0,0,2025.44
18.7,0,0,16.74,0,0,2025.6
18.71,0,0,16.642,0,0,2025.77
18.72,0,0,16.544,0,0,2025.93
18.73,0,0,16.446,0,0,2026.1
18.74,0,0,16.348,0,0,2026.26
18.75,0,0,16.25,0,0,2026.42
18.76,0,0,16.152,0,0,2026.59
18.77,0,0,16.054,0,0,2026.75
18.78,0,0,15.956,0,0,2026.91
18.79,0,0,15.858,0,0,2027.07
18.8,0,0,15.76,0,0,2027.22
18.81,0,0,15.662,0,0,2027.38
18.82,0,0,15.564,0,0,2027.54
18.83,0,0,15.466,0,0,2027.69
18.84,0,0,15.368,0,0,2027.84
18.85,0,0,15.27,0,0,2028
18.86,0,0,15.172,0,0,2028.15
18.87,0,0,15.074,0,0,2028.3
18.88,0,0,14.976,0,0,2028.45
18.89,0,0,14.878,0,0,2028.6
18.9,0,0,14.78,0,0,2028.74
18.91,0,0,14.682,0,0,2028.89
18.92,0,0,14.584,0,0,2029.04
18.93,0,0,14.486,0,0,2029.18
18.94,0,0,14.388,0,0,2029.33
18.95,0,0,14.29,0,0,2029.47
18.96,0,0,14.192,0,0,2029.61
18.97,0,0,14.094,0,0,2029.75
18.98,0,0,13.996,0,0,2029.89
18.99,0,0,13.898,0,0,2030.03
19,0,0,13.8,0,0,2030.17
19.01,0,0,13.702,0,0,2030.31
19.02,0,0,13.604,0,0,2030.44
19.03,0,0,13.506,0,0,2030.58
19.04,0,0,13.408,0,0,2030.71
19.05,0,0,13.31,0,0,2030.84
19.06,0,0,13.212,0,0,2030.98
19.07,0,0,13.114,0,0,2031.11
19.08,0,0,13.016,0,0,2031.24
19.09,0,0,12.918,0,0,2031.37
19.1,0,0,12.82,0,0,2031.5
19.11,0,0,12.722,0,0,2031.62
19.12,0,0,12.624,0,0,2031.75
19.13,0,0,12.526,0,0,2031.87
19.14,0,0,12.428,0,0,2032
19.15,0,0,12.33,0,0,2032.12
19.16,0,0,12.232,0,0,2032.24
19.17,0,0,12.134,0,0,2032.37
19.18,0,0,12.036,0,0,2032.49
19.19,0,0,11.938,0,0,2032.6
19.2,0,0,11.84,0,0,2032.72
19.21,0,0,11.742,0,0,2032.84
19.22,0,0,11.644,0,0,2032.96
19.23,0,0,11.546,0,0,2033.07
19.24,0,0,11.448,0,0,2033.19
19.25,0,0,11.35,0,0,2033.3
19.26,0,0,11.252,0,0,2033.41
19.27,0,0,11.154,0,0,2033.52
19.28,0,0,11.056,0,0,2033.64
19.29,0,0,10.958,0,0,2033.74
19.3,0,0,10.86,0,0,2033.85
19.31,0,0,10.762,0,0,2033.96
19.32,0,0,10.664,0,0,2034.07
19.33,0,0,10.566,0,0,2034.17
19.34,0,0,10.468,0,0,2034.28
19.35,0,0,10.37,0,0,2034.38
19.36,0,0,10.272,0,0,2034.48
19.37,0,0,10.174,0,0,2034.59
19.38,0,0,10.076,0,0,2034.69
19.39,0,0,9.978,0,0,2034.79
19.4,0,0,9.88,0,0,2034.89
19.41,0,0,9.782,0,0,2034.98
19.42,0,0,9.684,0,0,2035.08
19.43,0,0,9.586,0,0,2035.18
19.44,0,0,9.488,0,0,2035.27
19.45,0,0,9.39,0,0,2035.36
19.46,0,0,9.292,0,0,2035.46
19.47,0,0,9.194,0,0,2035.55
19.48,0,0,9.096,0,0,2035.64
19.49,0,0,8.998,0,0,2035.73
19.5,0,0,8.9,0,0,2035.82
19.51,0,0,8.802,0,0,2035.91
19.52,0,0,8.704,0,0,2035.99
19.53,0,0,8.606,0,0,2036.08
19.54,0,0,8.508,0,0,2036.17
19.55,0,0,8.41,0,0,2036.25
19.56,0,0,8.312,0,0,2036.33
19.57,0,0,8.214,0,0,2036.42
19.58,0,0,8.116,0,0,2036.5
19.59,0,0,8.018,0,0,2036.58
19.6,0,0,7.92,0,0,2036.66
19.61,0,0,7.822,0,0,2036.73
19.62,0,0,7.724,0,0,2036.81
19.63,0,0,7.626,0,0,2036.89
19.64,0,0,7.528,0,0,2036.96
19.65,0,0,7.43,0,0,2037.04
19.66,0,0,7.332,0,0,2037.11
19.67,0,0,7.234,0,0,2037.18
19.68,0,0,7.136,0,0,2037.25
19.69,0,0,7.038,0,0,2037.32
19.7,0,0,6.94,0,0,2037.39
19.71,0,0,6.842,0,0,2037.46
19.72,0,0,6.744,0,0,2037.53
19.73,0,0,6.646,0,0,2037.6
19.74,0,0,6.548,0,0,2037.66
19.75,0,0,6.45,0,0,2037.73
19.76,0,0,6.352,0,0,2037.79
19.77,0,0,6.254,0,0,2037.85
19.78,0,0,6.156,0,0,2037.91
19.79,0,0,6.058,0,0,2037.97
19.8,0,0,5.96,0,0,2038.03
19.81,0,0,5.862,0,0,2038.09
19.82,0,0,5.764,0,0,2038.15
19.83,0,0,5.666,0,0,2038.21
19.84,0,0,5.568,0,0,2038.26
19.85,0,0,5.47,0,0,2038.32
19.86,0,0,5.372,0,0,2038.37
19.87,0,0,5.274,0,0,2038.42
19.88,0,0,5.176,0,0,2038.48
19.89,0,0,5.078,0,0,2038.53
19.9,0,0,4.98,0,0,2038.58
19.91,0,0,4.882,0,0,2038.62
19.92,0,0,4.784,0,0,2038.67
19.93,0,0,4.686,0,0,2038.72
19.94,0,0,4.588,0,0,2038.77
19.95,0,0,4.49,0,0,2038.81
19.96,0,0,4.392,0,0,2038.85
19.97,0,0,4.294,0,0,2038.9
19.98,0,0,4.196,0,0,2038.94
19.99,0,0,4.098,0,0,2038.98
